Customer_ID,FName,LName,Phone,Email,Street,Number,City,EventTimestamp
1,Matthew,Davis,001-405-325-7908x1053,matthew.davis@example.com,Ramirez Ports,718,Tokyo,2024-06-11 15:59:11
2,Anna,Jackson,804-299-4028x7563,anna.jackson@example.com,Ross Wells,9665,Berlin,2024-06-11 15:59:11
3,William,Cruz,497-566-5636,william.cruz@example.com,Espinoza Hollow,0739,Melbourne,2024-06-11 15:59:11
4,Angela,Jenkins,+1-205-918-9903x341,angela.jenkins@example.com,Joshua Knoll,339,New York,2024-06-11 15:59:11
5,Jamie,Gonzalez,001-374-507-3167x3360,jamie.gonzalez@example.com,Escobar Avenue,63176,Havana,2024-06-11 15:59:11
6,Stephanie,Velasquez,298-471-5439,stephanie.velasquez@example.com,Christina Trace,1360,London,2024-06-11 15:59:11
7,Jessica,Taylor,001-687-740-1194x453,jessica.taylor@example.com,Joseph Wells,50195,Madrid,2024-06-11 15:59:11
8,Corey,George,(436)425-3672x679,corey.george@example.com,Williams Extension,282,Athens,2024-06-11 15:59:11
9,Christina,Pena,(326)914-6269,christina.pena@example.com,Michael Circles,576,Los Angeles,2024-06-11 15:59:11
10,Eric,Lewis,(729)798-0121,eric.lewis@example.com,Chad Mission,33091,Montreal,2024-06-11 15:59:11
11,Alexander,Ross,620-348-2169,alexander.ross@example.com,Andrew Mountain,14575,Havana,2024-06-11 15:59:11
12,Edward,Bennett,5143018654,edward.bennett@example.com,Nelson Ranch,543,Tokyo,2024-06-11 15:59:11
13,Jacqueline,David,(935)821-4836,jacqueline.david@example.com,Michelle Flat,707,Berlin,2024-06-11 15:59:11
14,Michelle,Hicks,642-257-3936x7321,michelle.hicks@example.com,Matthew Hills,723,Los Angeles,2024-06-11 15:59:11
15,Paul,Hanson,+1-766-461-5160x5706,paul.hanson@example.com,Tiffany Island,056,Madrid,2024-06-11 15:59:11
16,Matthew,Hill,418.939.0279,matthew.hill@example.com,Glover Grove,353,New York,2024-06-11 15:59:11
17,Bradley,Wilson,327-456-8848x1463,bradley.wilson@example.com,Kellie Mission,961,Montreal,2024-06-11 15:59:11
18,Joseph,Harris,+1-245-395-1919x644,joseph.harris@example.com,Patrick Burgs,400,London,2024-06-11 15:59:11
19,Corey,Elliott,001-607-985-6021x1316,corey.elliott@example.com,Diane Camp,08141,Athens,2024-06-11 15:59:11
20,Daisy,Keller,(756)882-5007x4703,daisy.keller@example.com,Joe Meadows,6324,Melbourne,2024-06-11 15:59:11
21,John,Cantu,3439036411,john.cantu@example.com,Rivera Shore,05632,Havana,2024-06-11 15:59:11
22,Stephanie,Davis,660-697-6029x55471,stephanie.davis@example.com,Robinson Mountains,076,Tokyo,2024-06-11 15:59:11
23,Dana,Dillon,351.465.0416x4834,dana.dillon@example.com,Cody Forest,557,Berlin,2024-06-11 15:59:11
24,Charles,Hoover,418.558.2444x096,charles.hoover@example.com,Jenkins Squares,84414,Los Angeles,2024-06-11 15:59:11
25,Ryan,King,001-457-889-0552x122,ryan.king@example.com,Joseph Courts,28244,Madrid,2024-06-11 15:59:11
26,Danny,Kaiser,952-348-3434x3767,danny.kaiser@example.com,Carney Villages,7119,New York,2024-06-11 15:59:11
27,Daniel,Steele,686-528-8799x6935,daniel.steele@example.com,Ryan Via,832,Montreal,2024-06-11 15:59:11
28,Christopher,Carey,896-448-4652x691,christopher.carey@example.com,Sean Court,7368,London,2024-06-11 15:59:11
29,Zachary,Fletcher,595-926-2680x84823,zachary.fletcher@example.com,Luis Estate,493,Athens,2024-06-11 15:59:11
30,Robert,Chen,973.640.9639,robert.chen@example.com,Robert Fields,1914,Melbourne,2024-06-11 15:59:11
31,Ashley,Ware,(659)423-6299,ashley.ware@example.com,Crosby Cliff,244,Havana,2024-06-11 15:59:11
32,Laurie,Ross,4088336284,laurie.ross@example.com,Jessica Oval,01827,Tokyo,2024-06-11 15:59:11
33,Tammy,Byrd,445-683-9653x06753,tammy.byrd@example.com,David Valleys,9093,Berlin,2024-06-11 15:59:11
34,Lisa,Stewart,637.896.7165x32298,lisa.stewart@example.com,Cline Summit,0113,Los Angeles,2024-06-11 15:59:11
35,Elizabeth,Rios,(471)289-4606x116,elizabeth.rios@example.com,Martin Village,409,Madrid,2024-06-11 15:59:11
36,Robert,Campbell,(615)625-8588x0548,robert.campbell@example.com,Kemp Run,35561,New York,2024-06-11 15:59:11
37,Steven,Miller,(367)632-9392,steven.miller@example.com,Jennifer Key,489,Montreal,2024-06-11 15:59:11
38,Cassandra,Brown,576.643.7863x903,cassandra.brown@example.com,Flores Burg,3107,London,2024-06-11 15:59:11
39,Charles,Brewer,530.475.1582,charles.brewer@example.com,James Well,35455,Athens,2024-06-11 15:59:11
40,Jennifer,Dickerson,(975)612-3053x0239,jennifer.dickerson@example.com,Webster Circles,2363,Melbourne,2024-06-11 15:59:11
41,Todd,Oliver,001-426-231-0718,todd.oliver@example.com,Lawrence Views,488,Havana,2024-06-11 15:59:11
42,Martha,Rivera,271.723.5997x8159,martha.rivera@example.com,Rowe Extensions,16634,Tokyo,2024-06-11 15:59:11
43,Michael,Holmes,(913)995-4389x923,michael.holmes@example.com,Trevor Falls,3254,Berlin,2024-06-11 15:59:11
44,Dylan,Smith,(495)493-3637,dylan.smith@example.com,Turner Tunnel,45634,Los Angeles,2024-06-11 15:59:11
45,Carrie,Taylor,(735)490-2442,carrie.taylor@example.com,Michael Views,770,Madrid,2024-06-11 15:59:11
46,Traci,Jenkins,001-899-886-8524x11205,traci.jenkins@example.com,Robert Islands,24477,New York,2024-06-11 15:59:11
47,John,Esparza,395-869-8719x420,john.esparza@example.com,Michael Cliff,8702,Montreal,2024-06-11 15:59:11
48,Richard,Jones,819-835-4811,richard.jones@example.com,Ashley Circle,20729,London,2024-06-11 15:59:11
49,Gary,Benson,(267)803-1070x1228,gary.benson@example.com,Douglas Ports,188,Athens,2024-06-11 15:59:11
50,Gina,Johnson,659-216-7891x63158,gina.johnson@example.com,Joseph Avenue,3826,Melbourne,2024-06-11 15:59:11
51,Shannon,Gonzalez,001-288-733-8796x6287,shannon.gonzalez@example.com,Kristina Turnpike,77127,Havana,2024-06-11 15:59:11
52,Veronica,Miller,(900)334-4145,veronica.miller@example.com,Earl Dam,02051,Tokyo,2024-06-11 15:59:11
53,Deborah,Owens,001-982-434-5955x415,deborah.owens@example.com,Luna Crossroad,587,Berlin,2024-06-11 15:59:11
54,Travis,Howard,001-291-329-8764,travis.howard@example.com,Stephanie Turnpike,3278,Los Angeles,2024-06-11 15:59:11
55,Lisa,Vasquez,756.339.4527x9942,lisa.vasquez@example.com,Farmer Ford,93501,Madrid,2024-06-11 15:59:11
56,Bradley,Torres,455-418-8933x418,bradley.torres@example.com,Sanchez Wells,05045,New York,2024-06-11 15:59:11
57,Daniel,Arnold,698-549-8361x320,daniel.arnold@example.com,Shannon Oval,236,Montreal,2024-06-11 15:59:11
58,Jamie,Scott,+1-781-537-6590x522,jamie.scott@example.com,Kline Summit,45149,London,2024-06-11 15:59:11
59,John,Anderson,(926)376-4859x07201,john.anderson@example.com,Shirley Pines,77819,Athens,2024-06-11 15:59:11
60,Harold,Hodge,(920)221-2512x155,harold.hodge@example.com,Garcia Light,34584,Melbourne,2024-06-11 15:59:11
61,Tina,Campbell,+1-937-913-4955x985,tina.campbell@example.com,Thompson Bridge,48325,Havana,2024-06-11 15:59:11
62,Jacob,Taylor,+1-938-340-2190x515,jacob.taylor@example.com,Alyssa Village,86341,Tokyo,2024-06-11 15:59:11
63,Ruth,Leonard,+1-659-673-9200x99087,ruth.leonard@example.com,Johnson Avenue,5876,Berlin,2024-06-11 15:59:11
64,Paul,Bishop,(240)253-7418,paul.bishop@example.com,Case Prairie,70252,Los Angeles,2024-06-11 15:59:11
65,Craig,Williams,700.699.5346x344,craig.williams@example.com,Gordon Prairie,37112,Madrid,2024-06-11 15:59:11
66,Cynthia,Graham,385.463.3942x6091,cynthia.graham@example.com,Riley Lock,039,New York,2024-06-11 15:59:11
67,Donna,Gill,(235)633-8665,donna.gill@example.com,Hodge Pines,304,Montreal,2024-06-11 15:59:11
68,Brandon,Macdonald,789-514-7468x9481,brandon.macdonald@example.com,Jason Centers,7777,London,2024-06-11 15:59:11
69,Danielle,Ingram,(689)851-1688x3303,danielle.ingram@example.com,Robert Village,576,Athens,2024-06-11 15:59:11
70,Tara,Carroll,551.326.7709x5757,tara.carroll@example.com,Robinson Drive,701,Melbourne,2024-06-11 15:59:11
71,Jennifer,Barnes,(535)900-9157,jennifer.barnes@example.com,Stacey Knolls,6153,Havana,2024-06-11 15:59:11
72,Eric,Wilson,+1-686-795-6887x692,eric.wilson@example.com,Mcfarland Lodge,8081,Tokyo,2024-06-11 15:59:11
73,Richard,Poole,474.213.6255,richard.poole@example.com,Alicia Stream,931,Berlin,2024-06-11 15:59:11
74,Mary,Dunn,8605836604,mary.dunn@example.com,Juarez Lake,426,Los Angeles,2024-06-11 15:59:11
75,Alison,Moore,407.847.9449,alison.moore@example.com,Zachary Wells,085,Madrid,2024-06-11 15:59:11
76,Mike,Holland,(307)852-6077x7545,mike.holland@example.com,Green Ferry,56300,New York,2024-06-11 15:59:11
77,Shawn,Anderson,+1-753-580-0628x49281,shawn.anderson@example.com,Timothy Mountains,277,Montreal,2024-06-11 15:59:11
78,Daniel,Paul,001-315-996-4664,daniel.paul@example.com,Petersen Station,5827,London,2024-06-11 15:59:11
79,Patricia,Solomon,510.732.3931x8598,patricia.solomon@example.com,Jason Mission,971,Athens,2024-06-11 15:59:11
80,Gina,Thomas,(678)891-1591x20477,gina.thomas@example.com,Gregory Mountains,90880,Melbourne,2024-06-11 15:59:11
81,Danielle,Lowe,(629)494-4655x2217,danielle.lowe@example.com,Smith Walks,406,Havana,2024-06-11 15:59:11
82,Jessica,Thompson,+1-835-901-9296x79401,jessica.thompson@example.com,Nguyen Street,8688,Tokyo,2024-06-11 15:59:11
83,Paige,Williams,465.570.9559x714,paige.williams@example.com,Lori Roads,052,Berlin,2024-06-11 15:59:11
84,Charles,Kelly,+1-766-226-3483,charles.kelly@example.com,Michael Curve,56749,Los Angeles,2024-06-11 15:59:11
85,Tamara,Sanchez,721-740-9997x5280,tamara.sanchez@example.com,Martinez Land,116,Madrid,2024-06-11 15:59:11
86,Joseph,Burch,+1-570-368-4713x47890,joseph.burch@example.com,Sandra Square,671,New York,2024-06-11 15:59:11
87,Toni,Phelps,(705)541-7239,toni.phelps@example.com,Roberts Mount,2664,Montreal,2024-06-11 15:59:11
88,Craig,Dickson,519.916.4859,craig.dickson@example.com,Caldwell Keys,00259,London,2024-06-11 15:59:11
89,Melinda,Douglas,(511)991-2607x10115,melinda.douglas@example.com,Lisa Fords,84888,Athens,2024-06-11 15:59:11
90,Joseph,Sanchez,001-585-645-7091x18630,joseph.sanchez@example.com,Christopher Plaza,7485,Melbourne,2024-06-11 15:59:11
91,Theresa,Marshall,699.663.7933,theresa.marshall@example.com,Tina Courts,133,Havana,2024-06-11 15:59:11
92,Sylvia,Torres,001-205-433-2717x129,sylvia.torres@example.com,Megan Ways,262,Tokyo,2024-06-11 15:59:11
93,Jesse,Jones,(303)928-7090,jesse.jones@example.com,Turner Square,79456,Berlin,2024-06-11 15:59:11
94,Adam,Jackson,3364235911,adam.jackson@example.com,Mark Inlet,5291,Los Angeles,2024-06-11 15:59:11
95,Douglas,Thomas,(339)846-0741,douglas.thomas@example.com,House Glen,55510,Madrid,2024-06-11 15:59:11
96,Patrick,Dixon,(858)788-5186x283,patrick.dixon@example.com,Allen Gateway,7301,New York,2024-06-11 15:59:11
97,Christopher,Riley,(650)875-4628,christopher.riley@example.com,Brian Port,2696,Montreal,2024-06-11 15:59:11
98,Bryan,Torres,(669)362-0802x8921,bryan.torres@example.com,Jeffrey Tunnel,6541,London,2024-06-11 15:59:11
99,Susan,Munoz,+1-255-467-9442x897,susan.munoz@example.com,Sergio Hollow,636,Athens,2024-06-11 15:59:11
100,April,Byrd,2878597869,april.byrd@example.com,West Ramp,699,Melbourne,2024-06-11 15:59:11
